{"0.01": {"base": 2.955512285232544, "generalized": 6.566537618637085}, "0.02": {"base": 2.0920560359954834, "generalized": 4.289330720901489}, "0.03": {"base": 1.9236440658569336, "generalized": 3.3595669269561768}, "0.04": {"base": 1.7294998168945312, "generalized": 2.897935628890991}, "0.05": {"base": 1.632450819015503, "generalized": 2.529309034347534}, "0.1": {"base": 1.4498813152313232, "generalized": 1.9845716953277588}, "0.15": {"base": 1.0226845741271973, "generalized": 1.4917314052581787}, "0.2": {"base": 0.9700851440429688, "generalized": 1.2953770160675049}}