{"0.01": {"base": 0.7218851061327689, "generalized": 0.7218851061327689}, "0.02": {"base": 0.5845835188311815, "generalized": 0.657044923484367}, "0.03": {"base": 0.5169771306726462, "generalized": 0.6062508878436833}, "0.04": {"base": 0.47112753037519306, "generalized": 0.5885517727994355}, "0.05": {"base": 0.47112753037519306, "generalized": 0.5525302674230914}, "0.1": {"base": 0.23386144915889012, "generalized": 0.31961237886004157}, "0.15": {"base": 0.1344303649643571, "generalized": 0.26110536604613105}, "0.2": {"base": 0.1344303649643571, "generalized": 0.20836051596883443}}