{"0.1": {"base": 0.7937986850738525, "generalized": 7.641132593154907}, "0.15": {"base": 0.4936537742614746, "generalized": 3.420366048812866}, "0.2": {"base": 0.3077096939086914, "generalized": 2.0590453147888184}, "0.075": {"base": 0.7843105792999268, "generalized": 14.095226287841797}, "0.05": {"base": 0.7089238166809082, "generalized": 35.22345733642578}, "0.04": {"base": 0.7195396423339844, "generalized": 59.9888072013855}, "0.03": {"base": 0.7853403091430664, "generalized": 118.37431573867798}, "0.02": {"base": 1.130028486251831, "generalized": 326.836549282074}}