{"0.02": {"base": 0.5695121951219512, "generalized": 0.9695121951219512}, "0.03": {"base": 0.38617886178861793, "generalized": 0.6361788617886178}, "0.04": {"base": 0.38617886178861793, "generalized": 0.5409407665505226}, "0.05": {"base": 0.38617886178861793, "generalized": 0.5250677506775068}, "0.075": {"base": 0.23038176033934252, "generalized": 0.3980836236933798}, "0.1": {"base": 0.23038176033934252, "generalized": 0.24223946784922393}, "0.15": {"base": 0.03201219512195122, "generalized": 0.1138420920291677}, "0.2": {"base": 0.0009891927006437165, "generalized": 0.10969911100980168}}