{"0.01": {"base": 0.26291932829325704, "generalized": 0.29989935828773173}, "0.02": {"base": 0.2525795675410778, "generalized": 0.26445394541101297}, "0.03": {"base": 0.23343483701819967, "generalized": 0.2548423110786042}, "0.04": {"base": 0.22837079531998294, "generalized": 0.23104869411856976}, "0.05": {"base": 0.18302503256268787, "generalized": 0.2251980647160916}, "0.075": {"base": 0.15750747070970816, "generalized": 0.2184944974606593}, "0.1": {"base": 0.14848195691055177, "generalized": 0.1994815668591331}, "0.15": {"base": 0.146897262807981, "generalized": 0.18090863157020676}, "0.2": {"base": 0.14569431208214512, "generalized": 0.16118621649318066}}