{"0.01": {"base_pruned": 1.5498509407043457, "generalized_pruned": 2.831967353820801, "base": 2.1376852989196777, "generalized": 4.957790374755859}, "0.02": {"base_pruned": 1.2892251014709473, "generalized_pruned": 2.0700480937957764, "base": 1.6591830253601074, "generalized": 3.1750900745391846}, "0.03": {"base_pruned": 1.174250602722168, "generalized_pruned": 1.7166991233825684, "base": 1.4791929721832275, "generalized": 2.5109200477600098}, "0.04": {"base_pruned": 1.1251678466796875, "generalized_pruned": 1.5713081359863281, "base": 1.4194386005401611, "generalized": 2.167468309402466}, "0.05": {"base_pruned": 1.0747349262237549, "generalized_pruned": 1.4533686637878418, "base": 1.330446481704712, "generalized": 1.9937264919281006}, "0.075": {"base_pruned": 1.018815279006958, "generalized_pruned": 1.3614223003387451, "base": 1.1900014877319336, "generalized": 1.7775559425354004}, "0.1": {"base_pruned": 0.9273989200592041, "generalized_pruned": 1.2613961696624756, "base": 1.0876991748809814, "generalized": 1.5745604038238525}, "0.15": {"base_pruned": 0.7405507564544678, "generalized_pruned": 0.9695816040039062, "base": 0.8126444816589355, "generalized": 1.153052806854248}, "0.2": {"base_pruned": 0.69875168800354, "generalized_pruned": 0.8974854946136475, "base": 0.719496488571167, "generalized": 1.0178229808807373}}