{"0.01": {"base_pruned": 1.5439910888671875, "generalized_pruned": 2.564818859100342}, "0.02": {"base_pruned": 1.292891025543213, "generalized_pruned": 1.8895289897918701}, "0.03": {"base_pruned": 1.1801867485046387, "generalized_pruned": 1.650634527206421}, "0.04": {"base_pruned": 1.1451201438903809, "generalized_pruned": 1.4841821193695068}, "0.05": {"base_pruned": 1.0988388061523438, "generalized_pruned": 1.394167184829712}, "0.075": {"base_pruned": 1.0161833763122559, "generalized_pruned": 1.3045403957366943}, "0.1": {"base_pruned": 0.9871585369110107, "generalized_pruned": 1.2296502590179443}, "0.15": {"base_pruned": 0.8108859062194824, "generalized_pruned": 0.978614091873169}, "0.2": {"base_pruned": 0.7325983047485352, "generalized_pruned": 0.8788056373596191}}