{"0.01": {"base": 0.2870058372820371, "generalized": 0.2870058372820371}, "0.02": {"base": 0.2525795675410778, "generalized": 0.261167051824442}, "0.03": {"base": 0.23343483701819967, "generalized": 0.23343483701819967}, "0.04": {"base": 0.22837079531998294, "generalized": 0.229462764242076}, "0.05": {"base": 0.18215569047054914, "generalized": 0.22342190139595275}, "0.075": {"base": 0.15750747070970816, "generalized": 0.202284689240656}, "0.1": {"base": 0.14848195691055177, "generalized": 0.18496303193331776}, "0.15": {"base": 0.146897262807981, "generalized": 0.17072622077056343}, "0.2": {"base": 0.14569431208214512, "generalized": 0.14569431208214512}}