{"0.01": {"base": 2.48561954498291, "generalized": 4.9659764766693115}, "0.02": {"base": 1.7104606628417969, "generalized": 3.191060781478882}, "0.03": {"base": 1.5221521854400635, "generalized": 2.527735710144043}, "0.04": {"base": 1.3946831226348877, "generalized": 2.1868178844451904}, "0.05": {"base": 1.3522322177886963, "generalized": 1.982428789138794}, "0.075": {"base": 1.2549829483032227, "generalized": 1.7486681938171387}, "0.1": {"base": 1.1548547744750977, "generalized": 1.556462049484253}, "0.15": {"base": 0.8335916996002197, "generalized": 1.1422810554504395}, "0.2": {"base": 0.7496905326843262, "generalized": 1.0348777770996094}}