{"0.01": {"base": 2.071681022644043, "generalized": 5.256361484527588}, "0.02": {"base": 1.6122677326202393, "generalized": 3.3512377738952637}, "0.03": {"base": 1.4564998149871826, "generalized": 2.6037299633026123}, "0.04": {"base": 1.316483974456787, "generalized": 2.222269058227539}, "0.05": {"base": 1.297151803970337, "generalized": 2.0367021560668945}, "0.075": {"base": 1.2221770286560059, "generalized": 1.7702395915985107}, "0.1": {"base": 1.108199119567871, "generalized": 1.595139741897583}, "0.15": {"base": 0.7926089763641357, "generalized": 1.1379859447479248}, "0.2": {"base": 0.7524797916412354, "generalized": 1.0592548847198486}}