{"0.01": {"base_pruned": 1.5498509407043457, "generalized_pruned": 2.831967353820801}, "0.02": {"base_pruned": 1.2892251014709473, "generalized_pruned": 2.0700480937957764}, "0.03": {"base_pruned": 1.174250602722168, "generalized_pruned": 1.7166991233825684}, "0.04": {"base_pruned": 1.1251678466796875, "generalized_pruned": 1.5713081359863281}, "0.05": {"base_pruned": 1.0747349262237549, "generalized_pruned": 1.4533686637878418}, "0.075": {"base_pruned": 1.018815279006958, "generalized_pruned": 1.3614223003387451}, "0.1": {"base_pruned": 0.9273989200592041, "generalized_pruned": 1.2613961696624756}, "0.15": {"base_pruned": 0.7405507564544678, "generalized_pruned": 0.9695816040039062}, "0.2": {"base_pruned": 0.69875168800354, "generalized_pruned": 0.8974854946136475}}