{"0.01": {"base_pruned": 0.7256234238897782, "generalized_pruned": 0.7376745798169794}, "0.02": {"base_pruned": 0.5784507626984254, "generalized_pruned": 0.6915480274810835}, "0.03": {"base_pruned": 0.5169771306726462, "generalized_pruned": 0.6111158753635381}, "0.04": {"base_pruned": 0.47112753037519306, "generalized_pruned": 0.5509834667885065}, "0.05": {"base_pruned": 0.47112753037519306, "generalized_pruned": 0.5468851061327689}, "0.075": {"base_pruned": 0.4506104203158927, "generalized_pruned": 0.4506104203158927}, "0.1": {"base_pruned": 0.23386144915889012, "generalized_pruned": 0.31589176540024944}, "0.15": {"base_pruned": 0.1344303649643571, "generalized_pruned": 0.2874222366302454}, "0.2": {"base_pruned": 0.1344303649643571, "generalized_pruned": 0.21508520362241057}}