{"0.01": {"base_pruned": 1.585799217224121, "generalized_pruned": 4.087509632110596}, "0.02": {"base_pruned": 1.301934003829956, "generalized_pruned": 2.740159511566162}, "0.03": {"base_pruned": 1.1886978149414062, "generalized_pruned": 2.2701079845428467}, "0.04": {"base_pruned": 1.1247923374176025, "generalized_pruned": 1.9532921314239502}, "0.05": {"base_pruned": 1.089402198791504, "generalized_pruned": 1.8004214763641357}, "0.075": {"base_pruned": 1.052210807800293, "generalized_pruned": 1.550807237625122}, "0.1": {"base_pruned": 0.9437971115112305, "generalized_pruned": 1.3953166007995605}, "0.15": {"base_pruned": 0.745124340057373, "generalized_pruned": 1.0993671417236328}, "0.2": {"base_pruned": 0.7267341613769531, "generalized_pruned": 1.0086302757263184}}