{"0.01": {"base_pruned": 1.616891860961914, "generalized_pruned": 2.82348370552063}, "0.02": {"base_pruned": 1.279585361480713, "generalized_pruned": 2.0408549308776855}, "0.03": {"base_pruned": 1.1786186695098877, "generalized_pruned": 1.690579891204834}, "0.04": {"base_pruned": 1.114212989807129, "generalized_pruned": 1.5852270126342773}, "0.05": {"base_pruned": 1.0781781673431396, "generalized_pruned": 1.450965166091919}, "0.075": {"base_pruned": 1.0314559936523438, "generalized_pruned": 1.3647866249084473}, "0.1": {"base_pruned": 0.930783748626709, "generalized_pruned": 1.2741944789886475}, "0.15": {"base_pruned": 0.7738659381866455, "generalized_pruned": 0.9915952682495117}, "0.2": {"base_pruned": 0.7136995792388916, "generalized_pruned": 0.8940961360931396}}