{"0.01": {"base_pruned": 1.5439910888671875, "generalized_pruned": 2.564818859100342, "base": 2.1762876510620117, "generalized": 4.868237257003784}, "0.02": {"base_pruned": 1.292891025543213, "generalized_pruned": 1.8895289897918701, "base": 1.672459363937378, "generalized": 3.098228693008423}, "0.03": {"base_pruned": 1.1801867485046387, "generalized_pruned": 1.650634527206421, "base": 1.4981107711791992, "generalized": 2.448801279067993}, "0.04": {"base_pruned": 1.1451201438903809, "generalized_pruned": 1.4841821193695068, "base": 1.3793554306030273, "generalized": 2.0986645221710205}, "0.05": {"base_pruned": 1.0988388061523438, "generalized_pruned": 1.394167184829712, "base": 1.3491098880767822, "generalized": 1.9456889629364014}, "0.075": {"base_pruned": 1.0161833763122559, "generalized_pruned": 1.3045403957366943, "base": 1.2354910373687744, "generalized": 1.7316126823425293}, "0.1": {"base_pruned": 0.9871585369110107, "generalized_pruned": 1.2296502590179443, "base": 1.1460607051849365, "generalized": 1.5248446464538574}, "0.15": {"base_pruned": 0.8108859062194824, "generalized_pruned": 0.978614091873169, "base": 0.8376636505126953, "generalized": 1.1076257228851318}, "0.2": {"base_pruned": 0.7325983047485352, "generalized_pruned": 0.8788056373596191, "base": 0.7369232177734375, "generalized": 1.015010118484497}}