{"0.01": {"base_pruned": 1.5863232612609863, "generalized_pruned": 4.18697452545166}, "0.02": {"base_pruned": 1.3080289363861084, "generalized_pruned": 2.769522190093994}, "0.03": {"base_pruned": 1.2008349895477295, "generalized_pruned": 2.3004016876220703}, "0.04": {"base_pruned": 1.1385869979858398, "generalized_pruned": 2.0525121688842773}, "0.05": {"base_pruned": 1.0919649600982666, "generalized_pruned": 1.8356375694274902}, "0.075": {"base_pruned": 1.0688097476959229, "generalized_pruned": 1.5769140720367432}, "0.1": {"base_pruned": 0.9582860469818115, "generalized_pruned": 1.4177234172821045}, "0.15": {"base_pruned": 0.7514879703521729, "generalized_pruned": 1.1198673248291016}, "0.2": {"base_pruned": 0.7098231315612793, "generalized_pruned": 1.0037519931793213}}