{"0.01": {"base_pruned": 1.5863232612609863, "generalized_pruned": 4.18697452545166, "base": 2.115288257598877, "generalized": 5.3790199756622314}, "0.02": {"base_pruned": 1.3080289363861084, "generalized_pruned": 2.769522190093994, "base": 1.6758153438568115, "generalized": 3.3996055126190186}, "0.03": {"base_pruned": 1.2008349895477295, "generalized_pruned": 2.3004016876220703, "base": 1.5235002040863037, "generalized": 2.650872230529785}, "0.04": {"base_pruned": 1.1385869979858398, "generalized_pruned": 2.0525121688842773, "base": 1.4224073886871338, "generalized": 2.324932098388672}, "0.05": {"base_pruned": 1.0919649600982666, "generalized_pruned": 1.8356375694274902, "base": 1.365860939025879, "generalized": 2.0718510150909424}, "0.075": {"base_pruned": 1.0688097476959229, "generalized_pruned": 1.5769140720367432, "base": 1.2680437564849854, "generalized": 1.8147587776184082}, "0.1": {"base_pruned": 0.9582860469818115, "generalized_pruned": 1.4177234172821045, "base": 1.0802459716796875, "generalized": 1.6065690517425537}, "0.15": {"base_pruned": 0.7514879703521729, "generalized_pruned": 1.1198673248291016, "base": 0.8564486503601074, "generalized": 1.159499168395996}, "0.2": {"base_pruned": 0.7098231315612793, "generalized_pruned": 1.0037519931793213, "base": 0.7685179710388184, "generalized": 1.0906941890716553}}