{"0.01": {"base": 2.097175121307373, "generalized": 5.182694435119629}, "0.02": {"base": 1.6482064723968506, "generalized": 3.5029211044311523}, "0.03": {"base": 1.473984956741333, "generalized": 2.6987993717193604}, "0.04": {"base": 1.3507225513458252, "generalized": 2.2922780513763428}, "0.05": {"base": 1.3197112083435059, "generalized": 2.046434164047241}, "0.075": {"base": 1.2636573314666748, "generalized": 1.803438663482666}, "0.1": {"base": 1.1489744186401367, "generalized": 1.6671664714813232}, "0.15": {"base": 0.8388981819152832, "generalized": 1.2389440536499023}, "0.2": {"base": 0.749640941619873, "generalized": 1.1287803649902344}}