{"0.01": {"base": 0.17949318885803223, "generalized": 0.3346138000488281}, "0.02": {"base": 0.1667475700378418, "generalized": 0.28880977630615234}, "0.03": {"base": 0.17262482643127441, "generalized": 0.2783830165863037}, "0.04": {"base": 0.173797607421875, "generalized": 0.2652587890625}, "0.05": {"base": 0.16937685012817383, "generalized": 0.2665674686431885}, "0.075": {"base": 0.17073988914489746, "generalized": 0.2558579444885254}, "0.1": {"base": 0.16890501976013184, "generalized": 0.25243234634399414}, "0.15": {"base": 0.15463042259216309, "generalized": 0.234724760055542}, "0.2": {"base": 0.14824795722961426, "generalized": 0.22799086570739746}}