{"0.01": {"base_pruned": 0.2230694214876033, "generalized_pruned": 0.6719245901639345}, "0.02": {"base_pruned": 0.2230694214876033, "generalized_pruned": 0.48790450450450445}, "0.03": {"base_pruned": 0.19768571428571427, "generalized_pruned": 0.3221096774193548}, "0.04": {"base_pruned": 0.05193146853146853, "generalized_pruned": 0.21446060606060605}, "0.05": {"base_pruned": 0.05193146853146853, "generalized_pruned": 0.21446060606060605}, "0.075": {"base_pruned": 0.05193146853146853, "generalized_pruned": 0.15394263565891472}, "0.1": {"base_pruned": 0.05193146853146853, "generalized_pruned": 0.10535121951219512}, "0.15": {"base_pruned": 0.04812081218274111, "generalized_pruned": 0.06873653846153846}, "0.2": {"base_pruned": 0.0, "generalized_pruned": 0.04279788445890968}}