{"0.01": {"base_pruned": 0.1132955551147461, "generalized_pruned": 0.18254446983337402}, "0.02": {"base_pruned": 0.10863375663757324, "generalized_pruned": 0.17247724533081055}, "0.03": {"base_pruned": 0.1121063232421875, "generalized_pruned": 0.18075013160705566}, "0.04": {"base_pruned": 0.11275529861450195, "generalized_pruned": 0.17298436164855957}, "0.05": {"base_pruned": 0.1077878475189209, "generalized_pruned": 0.1693556308746338}, "0.075": {"base_pruned": 0.11742973327636719, "generalized_pruned": 0.17788147926330566}, "0.1": {"base_pruned": 0.12293410301208496, "generalized_pruned": 0.1659543514251709}, "0.15": {"base_pruned": 0.11250877380371094, "generalized_pruned": 0.15314364433288574}, "0.2": {"base_pruned": 0.10727310180664062, "generalized_pruned": 0.15063691139221191}}