{"0.01": {"base_pruned": 0.12353134155273438, "generalized_pruned": 0.21206355094909668, "base": 0.1463775634765625, "generalized": 0.2900660037994385}, "0.02": {"base_pruned": 0.12005615234375, "generalized_pruned": 0.20124173164367676, "base": 0.1468977928161621, "generalized": 0.2622053623199463}, "0.03": {"base_pruned": 0.11748003959655762, "generalized_pruned": 0.1912226676940918, "base": 0.13820767402648926, "generalized": 0.2471146583557129}, "0.04": {"base_pruned": 0.11429762840270996, "generalized_pruned": 0.19007539749145508, "base": 0.14189553260803223, "generalized": 0.29684901237487793}, "0.05": {"base_pruned": 0.11718964576721191, "generalized_pruned": 0.19712114334106445, "base": 0.14134907722473145, "generalized": 0.24170351028442383}, "0.075": {"base_pruned": 0.12104392051696777, "generalized_pruned": 0.19270825386047363, "base": 0.1440722942352295, "generalized": 0.23750805854797363}, "0.1": {"base_pruned": 0.11578750610351562, "generalized_pruned": 0.18483424186706543, "base": 0.14512133598327637, "generalized": 0.22738027572631836}, "0.15": {"base_pruned": 0.09896993637084961, "generalized_pruned": 0.16887617111206055, "base": 0.12407922744750977, "generalized": 0.20496821403503418}, "0.2": {"base_pruned": 0.09792685508728027, "generalized_pruned": 0.1706380844116211, "base": 0.1150360107421875, "generalized": 0.1958632469177246}}