{"0.01": {"base": 0.20268739495798316, "generalized": 0.5513641791044777}, "0.02": {"base": 0.20268739495798316, "generalized": 0.4032871369294605}, "0.03": {"base": 0.1776523809523809, "generalized": 0.2672188679245283}, "0.04": {"base": 0.046111170928667566, "generalized": 0.2672188679245283}, "0.05": {"base": 0.046111170928667566, "generalized": 0.17253333333333332}, "0.075": {"base": 0.046111170928667566, "generalized": 0.14668348745046234}, "0.1": {"base": 0.046111170928667566, "generalized": 0.11420977517106545}, "0.15": {"base": 0.0407243535778713, "generalized": 0.07317243107769422}, "0.2": {"base": 0.0, "generalized": 0.0506725861232411}}