{"0.01": {"base_pruned": 0.12224483489990234, "generalized_pruned": 0.17599749565124512, "base": 0.14899969100952148, "generalized": 0.29001903533935547}, "0.02": {"base_pruned": 0.117767333984375, "generalized_pruned": 0.16900920867919922, "base": 0.14591526985168457, "generalized": 0.2613189220428467}, "0.03": {"base_pruned": 0.11412668228149414, "generalized_pruned": 0.17473340034484863, "base": 0.1413745880126953, "generalized": 0.24917054176330566}, "0.04": {"base_pruned": 0.1157064437866211, "generalized_pruned": 0.1776127815246582, "base": 0.14435529708862305, "generalized": 0.2397165298461914}, "0.05": {"base_pruned": 0.11924934387207031, "generalized_pruned": 0.18021011352539062, "base": 0.1437058448791504, "generalized": 0.2829115390777588}, "0.075": {"base_pruned": 0.11504220962524414, "generalized_pruned": 0.1667799949645996, "base": 0.1429736614227295, "generalized": 0.2305750846862793}, "0.1": {"base_pruned": 0.12202286720275879, "generalized_pruned": 0.1683342456817627, "base": 0.14464354515075684, "generalized": 0.22265958786010742}, "0.15": {"base_pruned": 0.10335779190063477, "generalized_pruned": 0.1635293960571289, "base": 0.12609219551086426, "generalized": 0.20526719093322754}, "0.2": {"base_pruned": 0.1001133918762207, "generalized_pruned": 0.1594531536102295, "base": 0.11948275566101074, "generalized": 0.19568157196044922}}