{"0.01": {"base": 0.27043703703703703, "generalized": 0.5644810810810811}, "0.02": {"base": 0.22645555555555555, "generalized": 0.4098705882352941}, "0.03": {"base": 0.08216543209876542, "generalized": 0.31822142857142854}, "0.04": {"base": 0.05644347826086957, "generalized": 0.31822142857142854}, "0.05": {"base": 0.05644347826086957, "generalized": 0.2342250825082508}, "0.075": {"base": 0.05644347826086957, "generalized": 0.1574088105726872}, "0.1": {"base": 0.05644347826086957, "generalized": 0.13648151093439365}, "0.15": {"base": 0.052136141906873615, "generalized": 0.08153664596273291}, "0.2": {"base": 0.0, "generalized": 0.0597430725730443}}