{"0.01": {"base_pruned": 0.12353134155273438, "generalized_pruned": 0.21206355094909668}, "0.02": {"base_pruned": 0.12005615234375, "generalized_pruned": 0.20124173164367676}, "0.03": {"base_pruned": 0.11748003959655762, "generalized_pruned": 0.1912226676940918}, "0.04": {"base_pruned": 0.11429762840270996, "generalized_pruned": 0.19007539749145508}, "0.05": {"base_pruned": 0.11718964576721191, "generalized_pruned": 0.19712114334106445}, "0.075": {"base_pruned": 0.12104392051696777, "generalized_pruned": 0.19270825386047363}, "0.1": {"base_pruned": 0.11578750610351562, "generalized_pruned": 0.18483424186706543}, "0.15": {"base_pruned": 0.09896993637084961, "generalized_pruned": 0.16887617111206055}, "0.2": {"base_pruned": 0.09792685508728027, "generalized_pruned": 0.1706380844116211}}