{"0.01": {"base": 0.14974236488342285, "generalized": 0.29997754096984863}, "0.02": {"base": 0.14395451545715332, "generalized": 0.2591280937194824}, "0.03": {"base": 0.14186835289001465, "generalized": 0.24979138374328613}, "0.04": {"base": 0.14394903182983398, "generalized": 0.24348711967468262}, "0.05": {"base": 0.1387629508972168, "generalized": 0.24547553062438965}, "0.075": {"base": 0.14560770988464355, "generalized": 0.23825812339782715}, "0.1": {"base": 0.14154434204101562, "generalized": 0.23448967933654785}, "0.15": {"base": 0.1235649585723877, "generalized": 0.20314884185791016}, "0.2": {"base": 0.11556410789489746, "generalized": 0.19821786880493164}}