{"0.01": {"base_pruned": 0.20268739495798316, "generalized_pruned": 0.5513641791044777}, "0.02": {"base_pruned": 0.20268739495798316, "generalized_pruned": 0.4032871369294605}, "0.03": {"base_pruned": 0.1776523809523809, "generalized_pruned": 0.2672188679245283}, "0.04": {"base_pruned": 0.046111170928667566, "generalized_pruned": 0.2672188679245283}, "0.05": {"base_pruned": 0.046111170928667566, "generalized_pruned": 0.17253333333333332}, "0.075": {"base_pruned": 0.046111170928667566, "generalized_pruned": 0.14668348745046234}, "0.1": {"base_pruned": 0.046111170928667566, "generalized_pruned": 0.11420977517106545}, "0.15": {"base_pruned": 0.0407243535778713, "generalized_pruned": 0.07317243107769422}, "0.2": {"base_pruned": 0.0, "generalized_pruned": 0.0506725861232411}}