{"0.01": {"base_pruned": 0.2774330827067669, "generalized_pruned": 0.5122}, "0.02": {"base_pruned": 0.19472631578947364, "generalized_pruned": 0.41277142857142857}, "0.03": {"base_pruned": 0.0640442064264849, "generalized_pruned": 0.31311246684350125}, "0.04": {"base_pruned": 0.0640442064264849, "generalized_pruned": 0.26860366972477057}, "0.05": {"base_pruned": 0.0640442064264849, "generalized_pruned": 0.22791373307543517}, "0.075": {"base_pruned": 0.0640442064264849, "generalized_pruned": 0.15105082872928177}, "0.1": {"base_pruned": 0.0640442064264849, "generalized_pruned": 0.12597693761814743}, "0.15": {"base_pruned": 0.04430230179028127, "generalized_pruned": 0.08179271307742353}, "0.2": {"base_pruned": 0.0, "generalized_pruned": 0.06032456747404835}}