{"0.01": {"base_pruned": 0.1132955551147461, "generalized_pruned": 0.18254446983337402, "base": 0.14274048805236816, "generalized": 0.26085686683654785}, "0.02": {"base_pruned": 0.10863375663757324, "generalized_pruned": 0.17247724533081055, "base": 0.1487278938293457, "generalized": 0.24265813827514648}, "0.03": {"base_pruned": 0.1121063232421875, "generalized_pruned": 0.18075013160705566, "base": 0.1398460865020752, "generalized": 0.2275991439819336}, "0.04": {"base_pruned": 0.11275529861450195, "generalized_pruned": 0.17298436164855957, "base": 0.13834166526794434, "generalized": 0.22296619415283203}, "0.05": {"base_pruned": 0.1077878475189209, "generalized_pruned": 0.1693556308746338, "base": 0.14086079597473145, "generalized": 0.22153282165527344}, "0.075": {"base_pruned": 0.11742973327636719, "generalized_pruned": 0.17788147926330566, "base": 0.14073944091796875, "generalized": 0.2232193946838379}, "0.1": {"base_pruned": 0.12293410301208496, "generalized_pruned": 0.1659543514251709, "base": 0.1357424259185791, "generalized": 0.2098383903503418}, "0.15": {"base_pruned": 0.11250877380371094, "generalized_pruned": 0.15314364433288574, "base": 0.12190365791320801, "generalized": 0.1956930160522461}, "0.2": {"base_pruned": 0.10727310180664062, "generalized_pruned": 0.15063691139221191, "base": 0.1130826473236084, "generalized": 0.1840038299560547}}