{"0.01": {"base": 0.14202213287353516, "generalized": 0.2642090320587158}, "0.02": {"base": 0.13447928428649902, "generalized": 0.23554086685180664}, "0.03": {"base": 0.1351780891418457, "generalized": 0.2363295555114746}, "0.04": {"base": 0.1368083953857422, "generalized": 0.23514199256896973}, "0.05": {"base": 0.13218116760253906, "generalized": 0.2163839340209961}, "0.075": {"base": 0.13163352012634277, "generalized": 0.2111208438873291}, "0.1": {"base": 0.13165974617004395, "generalized": 0.20562744140625}, "0.15": {"base": 0.11586499214172363, "generalized": 0.18165969848632812}, "0.2": {"base": 0.11147499084472656, "generalized": 0.1796412467956543}}