{"0.01": {"base_pruned": 0.12494468688964844, "generalized_pruned": 0.2123866081237793}, "0.02": {"base_pruned": 0.1145331859588623, "generalized_pruned": 0.19972562789916992}, "0.03": {"base_pruned": 0.12047529220581055, "generalized_pruned": 0.19535422325134277}, "0.04": {"base_pruned": 0.11327052116394043, "generalized_pruned": 0.1957390308380127}, "0.05": {"base_pruned": 0.11723899841308594, "generalized_pruned": 0.1914198398590088}, "0.075": {"base_pruned": 0.11859297752380371, "generalized_pruned": 0.18919873237609863}, "0.1": {"base_pruned": 0.1179969310760498, "generalized_pruned": 0.18651127815246582}, "0.15": {"base_pruned": 0.10103201866149902, "generalized_pruned": 0.1713576316833496}, "0.2": {"base_pruned": 0.09854769706726074, "generalized_pruned": 0.17050909996032715}}