{"0.01": {"base_pruned": 0.12224483489990234, "generalized_pruned": 0.17599749565124512}, "0.02": {"base_pruned": 0.117767333984375, "generalized_pruned": 0.16900920867919922}, "0.03": {"base_pruned": 0.11412668228149414, "generalized_pruned": 0.17473340034484863}, "0.04": {"base_pruned": 0.1157064437866211, "generalized_pruned": 0.1776127815246582}, "0.05": {"base_pruned": 0.11924934387207031, "generalized_pruned": 0.18021011352539062}, "0.075": {"base_pruned": 0.11504220962524414, "generalized_pruned": 0.1667799949645996}, "0.1": {"base_pruned": 0.12202286720275879, "generalized_pruned": 0.1683342456817627}, "0.15": {"base_pruned": 0.10335779190063477, "generalized_pruned": 0.1635293960571289}, "0.2": {"base_pruned": 0.1001133918762207, "generalized_pruned": 0.1594531536102295}}