{"0.01": {"base_pruned": 0.12512826919555664, "generalized_pruned": 0.17405319213867188}, "0.02": {"base_pruned": 0.10935425758361816, "generalized_pruned": 0.1696624755859375}, "0.03": {"base_pruned": 0.1106264591217041, "generalized_pruned": 0.16274476051330566}, "0.04": {"base_pruned": 0.11203336715698242, "generalized_pruned": 0.16523432731628418}, "0.05": {"base_pruned": 0.11194300651550293, "generalized_pruned": 0.16540288925170898}, "0.075": {"base_pruned": 0.11110067367553711, "generalized_pruned": 0.16374874114990234}, "0.1": {"base_pruned": 0.10973262786865234, "generalized_pruned": 0.1671605110168457}, "0.15": {"base_pruned": 0.1046600341796875, "generalized_pruned": 0.15831613540649414}, "0.2": {"base_pruned": 0.0967855453491211, "generalized_pruned": 0.15046262741088867}}