{"0.01": {"base_pruned": 0.26321935653686523, "generalized_pruned": 0.5804657936096191, "base": 0.22051525115966797, "generalized": 1.2305784225463867}, "0.02": {"base_pruned": 0.14103055000305176, "generalized_pruned": 0.40793466567993164, "base": 0.2110745906829834, "generalized": 0.7179605960845947}, "0.03": {"base_pruned": 0.13498806953430176, "generalized_pruned": 0.31212306022644043, "base": 0.1723942756652832, "generalized": 0.5205817222595215}, "0.04": {"base_pruned": 0.13858723640441895, "generalized_pruned": 0.2765963077545166, "base": 0.16605734825134277, "generalized": 0.4491877555847168}, "0.05": {"base_pruned": 0.13106560707092285, "generalized_pruned": 0.2678084373474121, "base": 0.1569364070892334, "generalized": 0.36207103729248047}, "0.075": {"base_pruned": 0.1300215721130371, "generalized_pruned": 0.21900010108947754, "base": 0.15835118293762207, "generalized": 0.3335227966308594}, "0.1": {"base_pruned": 0.12363171577453613, "generalized_pruned": 0.20291709899902344, "base": 0.14856481552124023, "generalized": 0.25890231132507324}, "0.15": {"base_pruned": 0.10947322845458984, "generalized_pruned": 0.17373347282409668, "base": 0.12026023864746094, "generalized": 0.20592856407165527}, "0.2": {"base_pruned": 0.10464286804199219, "generalized_pruned": 0.1598048210144043, "base": 0.11131668090820312, "generalized": 0.18797731399536133}}