{"0.01": {"base_pruned": 0.2371668261169234, "generalized_pruned": 0.24158715965118094, "base": 0.2371668261169234, "generalized": 0.2791535132649008}, "0.02": {"base_pruned": 0.2013681094671428, "generalized_pruned": 0.2013681094671428, "base": 0.2013681094671428, "generalized": 0.20879537254861935}, "0.03": {"base_pruned": 0.12278146061048156, "generalized_pruned": 0.1782960204106746, "base": 0.12278146061048156, "generalized": 0.1782960204106746}, "0.04": {"base_pruned": 0.11661770556780282, "generalized_pruned": 0.16619561277282868, "base": 0.1200062089563062, "generalized": 0.16619561277282868}, "0.05": {"base_pruned": 0.11018269913279632, "generalized_pruned": 0.15410716547105585, "base": 0.11018269913279632, "generalized": 0.1550278216478218}, "0.075": {"base_pruned": 0.10557440420192077, "generalized_pruned": 0.1264164653665626, "base": 0.10557440420192077, "generalized": 0.13107677104727644}, "0.1": {"base_pruned": 0.10557440420192077, "generalized_pruned": 0.1264164653665626, "base": 0.10557440420192077, "generalized": 0.13107677104727644}, "0.15": {"base_pruned": 0.04034142929152651, "generalized_pruned": 0.09865387707765849, "base": 0.05248602656481782, "generalized": 0.10246942953785843}, "0.2": {"base_pruned": 0.038790395067224925, "generalized_pruned": 0.09865387707765849, "base": 0.038790395067224925, "generalized": 0.09865387707765849}}