{"0.01": {"base_pruned": 0.2440803050994873, "generalized_pruned": 0.26316332817077637, "base": 0.21620845794677734, "generalized": 1.009052038192749}, "0.02": {"base_pruned": 0.12453532218933105, "generalized_pruned": 0.20804262161254883, "base": 0.20973730087280273, "generalized": 0.6279168128967285}, "0.03": {"base_pruned": 0.12380528450012207, "generalized_pruned": 0.1897106170654297, "base": 0.1664280891418457, "generalized": 0.49169373512268066}, "0.04": {"base_pruned": 0.11997532844543457, "generalized_pruned": 0.18291711807250977, "base": 0.15607166290283203, "generalized": 0.37561702728271484}, "0.05": {"base_pruned": 0.11789464950561523, "generalized_pruned": 0.1686878204345703, "base": 0.15159988403320312, "generalized": 0.3763604164123535}, "0.075": {"base_pruned": 0.11938357353210449, "generalized_pruned": 0.16350007057189941, "base": 0.14591360092163086, "generalized": 0.2882087230682373}, "0.1": {"base_pruned": 0.11930227279663086, "generalized_pruned": 0.15593910217285156, "base": 0.13589096069335938, "generalized": 0.24328374862670898}, "0.15": {"base_pruned": 0.11135268211364746, "generalized_pruned": 0.14353680610656738, "base": 0.11946725845336914, "generalized": 0.19671988487243652}, "0.2": {"base_pruned": 0.10213112831115723, "generalized_pruned": 0.13360142707824707, "base": 0.10861945152282715, "generalized": 0.1767728328704834}}