{"0.01": {"base": 0.661685994647636, "generalized": 0.7298678128294542}, "0.02": {"base": 0.6508164294302446, "generalized": 0.6508164294302446}, "0.03": {"base": 0.5881565828829302, "generalized": 0.6213634140024747}, "0.04": {"base": 0.3632988978734425, "generalized": 0.5783526613143026}, "0.05": {"base": 0.3632988978734425, "generalized": 0.3632988978734425}, "0.075": {"base": 0.3632988978734425, "generalized": 0.3632988978734425}, "0.1": {"base": 0.2954069248801942, "generalized": 0.3201366988729882}, "0.15": {"base": 0.11515994005706533, "generalized": 0.17855716029180785}, "0.2": {"base": 0.08875176193262761, "generalized": 0.13832150866632764}}