{"0.01": {"base_pruned": 0.24075627326965332, "generalized_pruned": 0.2929069995880127}, "0.02": {"base_pruned": 0.13291692733764648, "generalized_pruned": 0.19747638702392578}, "0.03": {"base_pruned": 0.12435507774353027, "generalized_pruned": 0.18401861190795898}, "0.04": {"base_pruned": 0.13958096504211426, "generalized_pruned": 0.17469549179077148}, "0.05": {"base_pruned": 0.12042450904846191, "generalized_pruned": 0.16701054573059082}, "0.075": {"base_pruned": 0.11564159393310547, "generalized_pruned": 0.15758061408996582}, "0.1": {"base_pruned": 0.1184682846069336, "generalized_pruned": 0.15271449089050293}, "0.15": {"base_pruned": 0.10887551307678223, "generalized_pruned": 0.14214849472045898}, "0.2": {"base_pruned": 0.10483980178833008, "generalized_pruned": 0.13299894332885742}}