{"0.01": {"base_pruned": 0.24075627326965332, "generalized_pruned": 0.2929069995880127, "base": 0.19906377792358398, "generalized": 0.9934964179992676}, "0.02": {"base_pruned": 0.13291692733764648, "generalized_pruned": 0.19747638702392578, "base": 0.19912171363830566, "generalized": 0.6044108867645264}, "0.03": {"base_pruned": 0.12435507774353027, "generalized_pruned": 0.18401861190795898, "base": 0.1573946475982666, "generalized": 0.4864966869354248}, "0.04": {"base_pruned": 0.13958096504211426, "generalized_pruned": 0.17469549179077148, "base": 0.15363621711730957, "generalized": 0.37802577018737793}, "0.05": {"base_pruned": 0.12042450904846191, "generalized_pruned": 0.16701054573059082, "base": 0.15102291107177734, "generalized": 0.3612995147705078}, "0.075": {"base_pruned": 0.11564159393310547, "generalized_pruned": 0.15758061408996582, "base": 0.14044952392578125, "generalized": 0.27593564987182617}, "0.1": {"base_pruned": 0.1184682846069336, "generalized_pruned": 0.15271449089050293, "base": 0.13258004188537598, "generalized": 0.24537348747253418}, "0.15": {"base_pruned": 0.10887551307678223, "generalized_pruned": 0.14214849472045898, "base": 0.12270283699035645, "generalized": 0.1996631622314453}, "0.2": {"base_pruned": 0.10483980178833008, "generalized_pruned": 0.13299894332885742, "base": 0.10896420478820801, "generalized": 0.1728498935699463}}