{"0.01": {"base_pruned": 0.31203126907348633, "generalized_pruned": 0.49639010429382324, "base": 0.2590322494506836, "generalized": 1.1130073070526123}, "0.02": {"base_pruned": 0.14122581481933594, "generalized_pruned": 0.32421064376831055, "base": 0.18545985221862793, "generalized": 0.6751246452331543}, "0.03": {"base_pruned": 0.14737796783447266, "generalized_pruned": 0.28873324394226074, "base": 0.16800642013549805, "generalized": 0.47468042373657227}, "0.04": {"base_pruned": 0.1378169059753418, "generalized_pruned": 0.24753713607788086, "base": 0.16315007209777832, "generalized": 0.42449259757995605}, "0.05": {"base_pruned": 0.1300961971282959, "generalized_pruned": 0.22510337829589844, "base": 0.15677618980407715, "generalized": 0.3496835231781006}, "0.075": {"base_pruned": 0.13226795196533203, "generalized_pruned": 0.20554113388061523, "base": 0.15376830101013184, "generalized": 0.3135051727294922}, "0.1": {"base_pruned": 0.1307528018951416, "generalized_pruned": 0.19223523139953613, "base": 0.1478276252746582, "generalized": 0.25479698181152344}, "0.15": {"base_pruned": 0.1146245002746582, "generalized_pruned": 0.16665196418762207, "base": 0.12312793731689453, "generalized": 0.20203804969787598}, "0.2": {"base_pruned": 0.10984563827514648, "generalized_pruned": 0.15491199493408203, "base": 0.11261391639709473, "generalized": 0.17908716201782227}}