{"0.01": {"base_pruned": 0.26321935653686523, "generalized_pruned": 0.5804657936096191}, "0.02": {"base_pruned": 0.14103055000305176, "generalized_pruned": 0.40793466567993164}, "0.03": {"base_pruned": 0.13498806953430176, "generalized_pruned": 0.31212306022644043}, "0.04": {"base_pruned": 0.13858723640441895, "generalized_pruned": 0.2765963077545166}, "0.05": {"base_pruned": 0.13106560707092285, "generalized_pruned": 0.2678084373474121}, "0.075": {"base_pruned": 0.1300215721130371, "generalized_pruned": 0.21900010108947754}, "0.1": {"base_pruned": 0.12363171577453613, "generalized_pruned": 0.20291709899902344}, "0.15": {"base_pruned": 0.10947322845458984, "generalized_pruned": 0.17373347282409668}, "0.2": {"base_pruned": 0.10464286804199219, "generalized_pruned": 0.1598048210144043}}