{"0.01": {"base_pruned": 0.2472553253173828, "generalized_pruned": 0.22353172302246094, "base": 0.20723509788513184, "generalized": 1.0284452438354492}, "0.02": {"base_pruned": 0.12309455871582031, "generalized_pruned": 0.23699164390563965, "base": 0.17981863021850586, "generalized": 0.6212427616119385}, "0.03": {"base_pruned": 0.12281608581542969, "generalized_pruned": 0.17845797538757324, "base": 0.19675731658935547, "generalized": 0.46897268295288086}, "0.04": {"base_pruned": 0.12353181838989258, "generalized_pruned": 0.17108368873596191, "base": 0.15745997428894043, "generalized": 0.4215853214263916}, "0.05": {"base_pruned": 0.12220215797424316, "generalized_pruned": 0.1625828742980957, "base": 0.15755939483642578, "generalized": 0.3490312099456787}, "0.075": {"base_pruned": 0.11943864822387695, "generalized_pruned": 0.1504371166229248, "base": 0.1432509422302246, "generalized": 0.31308889389038086}, "0.1": {"base_pruned": 0.11623787879943848, "generalized_pruned": 0.15174102783203125, "base": 0.14313673973083496, "generalized": 0.24370956420898438}, "0.15": {"base_pruned": 0.11350369453430176, "generalized_pruned": 0.14132261276245117, "base": 0.12165117263793945, "generalized": 0.2102212905883789}, "0.2": {"base_pruned": 0.10211873054504395, "generalized_pruned": 0.13191843032836914, "base": 0.10811018943786621, "generalized": 0.17798662185668945}}