{"0.01": {"base_pruned": 0.31203126907348633, "generalized_pruned": 0.49639010429382324}, "0.02": {"base_pruned": 0.14122581481933594, "generalized_pruned": 0.32421064376831055}, "0.03": {"base_pruned": 0.14737796783447266, "generalized_pruned": 0.28873324394226074}, "0.04": {"base_pruned": 0.1378169059753418, "generalized_pruned": 0.24753713607788086}, "0.05": {"base_pruned": 0.1300961971282959, "generalized_pruned": 0.22510337829589844}, "0.075": {"base_pruned": 0.13226795196533203, "generalized_pruned": 0.20554113388061523}, "0.1": {"base_pruned": 0.1307528018951416, "generalized_pruned": 0.19223523139953613}, "0.15": {"base_pruned": 0.1146245002746582, "generalized_pruned": 0.16665196418762207}, "0.2": {"base_pruned": 0.10984563827514648, "generalized_pruned": 0.15491199493408203}}