{"0.01": {"base_pruned": 0.26664066314697266, "generalized_pruned": 0.5748076438903809, "base": 0.22605109214782715, "generalized": 1.1885931491851807}, "0.02": {"base_pruned": 0.14543890953063965, "generalized_pruned": 0.4066131114959717, "base": 0.2137601375579834, "generalized": 0.711859941482544}, "0.03": {"base_pruned": 0.13486790657043457, "generalized_pruned": 0.3053908348083496, "base": 0.16329455375671387, "generalized": 0.5196878910064697}, "0.04": {"base_pruned": 0.1349475383758545, "generalized_pruned": 0.27199411392211914, "base": 0.1636207103729248, "generalized": 0.4390983581542969}, "0.05": {"base_pruned": 0.12938261032104492, "generalized_pruned": 0.26279115676879883, "base": 0.15314984321594238, "generalized": 0.3646519184112549}, "0.075": {"base_pruned": 0.13425874710083008, "generalized_pruned": 0.21386098861694336, "base": 0.1493549346923828, "generalized": 0.34107303619384766}, "0.1": {"base_pruned": 0.1277151107788086, "generalized_pruned": 0.1971595287322998, "base": 0.14474797248840332, "generalized": 0.2627871036529541}, "0.15": {"base_pruned": 0.11534881591796875, "generalized_pruned": 0.1673882007598877, "base": 0.12275910377502441, "generalized": 0.20785927772521973}, "0.2": {"base_pruned": 0.10786724090576172, "generalized_pruned": 0.15653419494628906, "base": 0.11323308944702148, "generalized": 0.18148040771484375}}