{"0.01": {"base_pruned": 0.26490330696105957, "generalized_pruned": 0.4658782482147217}, "0.02": {"base_pruned": 0.1422271728515625, "generalized_pruned": 0.3214845657348633}, "0.03": {"base_pruned": 0.13737726211547852, "generalized_pruned": 0.28431034088134766}, "0.04": {"base_pruned": 0.1405339241027832, "generalized_pruned": 0.2462940216064453}, "0.05": {"base_pruned": 0.13724684715270996, "generalized_pruned": 0.22982287406921387}, "0.075": {"base_pruned": 0.13116741180419922, "generalized_pruned": 0.20418047904968262}, "0.1": {"base_pruned": 0.12765979766845703, "generalized_pruned": 0.18953871726989746}, "0.15": {"base_pruned": 0.11377573013305664, "generalized_pruned": 0.1651008129119873}, "0.2": {"base_pruned": 0.11446475982666016, "generalized_pruned": 0.15686511993408203}}