{"0.01": {"base_pruned": 0.26490330696105957, "generalized_pruned": 0.4658782482147217, "base": 0.25264835357666016, "generalized": 1.0979118347167969}, "0.02": {"base_pruned": 0.1422271728515625, "generalized_pruned": 0.3214845657348633, "base": 0.19265532493591309, "generalized": 0.6683766841888428}, "0.03": {"base_pruned": 0.13737726211547852, "generalized_pruned": 0.28431034088134766, "base": 0.16776132583618164, "generalized": 0.47925329208374023}, "0.04": {"base_pruned": 0.1405339241027832, "generalized_pruned": 0.2462940216064453, "base": 0.16575384140014648, "generalized": 0.4191131591796875}, "0.05": {"base_pruned": 0.13724684715270996, "generalized_pruned": 0.22982287406921387, "base": 0.15762948989868164, "generalized": 0.36010026931762695}, "0.075": {"base_pruned": 0.13116741180419922, "generalized_pruned": 0.20418047904968262, "base": 0.14921069145202637, "generalized": 0.31999731063842773}, "0.1": {"base_pruned": 0.12765979766845703, "generalized_pruned": 0.18953871726989746, "base": 0.14526963233947754, "generalized": 0.25412678718566895}, "0.15": {"base_pruned": 0.11377573013305664, "generalized_pruned": 0.1651008129119873, "base": 0.12537407875061035, "generalized": 0.20404505729675293}, "0.2": {"base_pruned": 0.11446475982666016, "generalized_pruned": 0.15686511993408203, "base": 0.11583256721496582, "generalized": 0.18549513816833496}}