{"0.01": {"base_pruned": 0.2371668261169234, "generalized_pruned": 0.2791535132649008, "base": 0.2371668261169234, "generalized": 0.2955306844807817}, "0.02": {"base_pruned": 0.20818577132941696, "generalized_pruned": 0.20818577132941696, "base": 0.20818577132941696, "generalized": 0.21672603589196038}, "0.03": {"base_pruned": 0.1850126311055854, "generalized_pruned": 0.1876254409353998, "base": 0.1850126311055854, "generalized": 0.19548954914552874}, "0.04": {"base_pruned": 0.12657382531620742, "generalized_pruned": 0.1876254409353998, "base": 0.12657382531620742, "generalized": 0.1876254409353998}, "0.05": {"base_pruned": 0.12657382531620742, "generalized_pruned": 0.1749278954569401, "base": 0.12657382531620742, "generalized": 0.1749278954569401}, "0.075": {"base_pruned": 0.11072536634213026, "generalized_pruned": 0.16070978019422855, "base": 0.11072536634213026, "generalized": 0.16070978019422855}, "0.1": {"base_pruned": 0.11072536634213026, "generalized_pruned": 0.14416664154697134, "base": 0.11072536634213026, "generalized": 0.14416664154697134}, "0.15": {"base_pruned": 0.11072536634213026, "generalized_pruned": 0.11072536634213026, "base": 0.11072536634213026, "generalized": 0.11072536634213026}, "0.2": {"base_pruned": 0.10161812222289568, "generalized_pruned": 0.10161812222289568, "base": 0.10161812222289568, "generalized": 0.10161812222289568}}