{"0.01": {"base": 0.3274819850921631, "generalized": 1.003127098083496}, "0.02": {"base": 0.19707012176513672, "generalized": 0.6244704723358154}, "0.03": {"base": 0.16512298583984375, "generalized": 0.46337080001831055}, "0.04": {"base": 0.1543591022491455, "generalized": 0.3867044448852539}, "0.05": {"base": 0.15396904945373535, "generalized": 0.3731722831726074}, "0.075": {"base": 0.1470503807067871, "generalized": 0.26561570167541504}, "0.1": {"base": 0.14184784889221191, "generalized": 0.2363436222076416}, "0.15": {"base": 0.12668776512145996, "generalized": 0.19836020469665527}, "0.2": {"base": 0.1096036434173584, "generalized": 0.17612433433532715}}