{"0.01": {"base_pruned": 0.26664066314697266, "generalized_pruned": 0.5748076438903809}, "0.02": {"base_pruned": 0.14543890953063965, "generalized_pruned": 0.4066131114959717}, "0.03": {"base_pruned": 0.13486790657043457, "generalized_pruned": 0.3053908348083496}, "0.04": {"base_pruned": 0.1349475383758545, "generalized_pruned": 0.27199411392211914}, "0.05": {"base_pruned": 0.12938261032104492, "generalized_pruned": 0.26279115676879883}, "0.075": {"base_pruned": 0.13425874710083008, "generalized_pruned": 0.21386098861694336}, "0.1": {"base_pruned": 0.1277151107788086, "generalized_pruned": 0.1971595287322998}, "0.15": {"base_pruned": 0.11534881591796875, "generalized_pruned": 0.1673882007598877}, "0.2": {"base_pruned": 0.10786724090576172, "generalized_pruned": 0.15653419494628906}}