{"0.01": {"base_pruned": 0.2472553253173828, "generalized_pruned": 0.22353172302246094}, "0.02": {"base_pruned": 0.12309455871582031, "generalized_pruned": 0.23699164390563965}, "0.03": {"base_pruned": 0.12281608581542969, "generalized_pruned": 0.17845797538757324}, "0.04": {"base_pruned": 0.12353181838989258, "generalized_pruned": 0.17108368873596191}, "0.05": {"base_pruned": 0.12220215797424316, "generalized_pruned": 0.1625828742980957}, "0.075": {"base_pruned": 0.11943864822387695, "generalized_pruned": 0.1504371166229248}, "0.1": {"base_pruned": 0.11623787879943848, "generalized_pruned": 0.15174102783203125}, "0.15": {"base_pruned": 0.11350369453430176, "generalized_pruned": 0.14132261276245117}, "0.2": {"base_pruned": 0.10211873054504395, "generalized_pruned": 0.13191843032836914}}