{"0.01": {"base_pruned": 0.2440803050994873, "generalized_pruned": 0.26316332817077637}, "0.02": {"base_pruned": 0.12453532218933105, "generalized_pruned": 0.20804262161254883}, "0.03": {"base_pruned": 0.12380528450012207, "generalized_pruned": 0.1897106170654297}, "0.04": {"base_pruned": 0.11997532844543457, "generalized_pruned": 0.18291711807250977}, "0.05": {"base_pruned": 0.11789464950561523, "generalized_pruned": 0.1686878204345703}, "0.075": {"base_pruned": 0.11938357353210449, "generalized_pruned": 0.16350007057189941}, "0.1": {"base_pruned": 0.11930227279663086, "generalized_pruned": 0.15593910217285156}, "0.15": {"base_pruned": 0.11135268211364746, "generalized_pruned": 0.14353680610656738}, "0.2": {"base_pruned": 0.10213112831115723, "generalized_pruned": 0.13360142707824707}}