{"0.05": {"base": 4.349687099456787, "generalized": 90.31031584739685}, "0.075": {"base": 1.960780143737793, "generalized": 27.120723724365234}, "0.1": {"base": 1.032400369644165, "generalized": 11.218041896820068}, "0.15": {"base": 0.4840109348297119, "generalized": 3.1873419284820557}, "0.2": {"base": 0.2551555633544922, "generalized": 1.3576653003692627}}