{"0.05": {"base_pruned": 0.41000000000000003, "generalized_pruned": 0.41000000000000003, "base": 0.41000000000000003, "generalized": 0.41000000000000003}, "0.075": {"base_pruned": 0.41000000000000003, "generalized_pruned": 0.41000000000000003, "base": 0.41000000000000003, "generalized": 0.41000000000000003}, "0.1": {"base_pruned": 0.41000000000000003, "generalized_pruned": 0.41000000000000003, "base": 0.41000000000000003, "generalized": 0.41000000000000003}, "0.15": {"base_pruned": 0.41000000000000003, "generalized_pruned": 0.41000000000000003, "base": 0.41000000000000003, "generalized": 0.41000000000000003}, "0.2": {"base_pruned": 0.41000000000000003, "generalized_pruned": 0.41000000000000003, "base": 0.41000000000000003, "generalized": 0.41000000000000003}}