{"0.05": {"base_pruned": 1.5589821338653564, "generalized_pruned": 5.15677285194397}, "0.075": {"base_pruned": 0.7401704788208008, "generalized_pruned": 2.096163511276245}, "0.1": {"base_pruned": 0.4898207187652588, "generalized_pruned": 1.126051425933838}, "0.15": {"base_pruned": 0.3069791793823242, "generalized_pruned": 0.5302793979644775}, "0.2": {"base_pruned": 0.18760991096496582, "generalized_pruned": 0.2859487533569336}}