{"0.05": {"base_pruned": 1.522660493850708, "generalized_pruned": 5.09312891960144, "base": 4.316035032272339, "generalized": 89.6085159778595}, "0.075": {"base_pruned": 0.7560107707977295, "generalized_pruned": 2.125460386276245, "base": 1.9029293060302734, "generalized": 27.006532907485962}, "0.1": {"base_pruned": 0.5123286247253418, "generalized_pruned": 1.1471741199493408, "base": 1.0412273406982422, "generalized": 11.158012390136719}, "0.15": {"base_pruned": 0.29703259468078613, "generalized_pruned": 0.5268628597259521, "base": 0.4832160472869873, "generalized": 3.1768057346343994}, "0.2": {"base_pruned": 0.1774280071258545, "generalized_pruned": 0.2908754348754883, "base": 0.29874444007873535, "generalized": 1.3655872344970703}}