{"0.05": {"base_pruned": 1.522660493850708, "generalized_pruned": 5.09312891960144}, "0.075": {"base_pruned": 0.7560107707977295, "generalized_pruned": 2.125460386276245}, "0.1": {"base_pruned": 0.5123286247253418, "generalized_pruned": 1.1471741199493408}, "0.15": {"base_pruned": 0.29703259468078613, "generalized_pruned": 0.5268628597259521}, "0.2": {"base_pruned": 0.1774280071258545, "generalized_pruned": 0.2908754348754883}}