{"0.05": {"base_pruned": 1.5234777927398682, "generalized_pruned": 5.098780870437622}, "0.075": {"base_pruned": 0.7547085285186768, "generalized_pruned": 2.126312017440796}, "0.1": {"base_pruned": 0.4943227767944336, "generalized_pruned": 1.1645019054412842}, "0.15": {"base_pruned": 0.3016338348388672, "generalized_pruned": 0.529365062713623}, "0.2": {"base_pruned": 0.1795346736907959, "generalized_pruned": 0.2955322265625}}