{"0.05": {"base_pruned": 0.2621960784313726, "generalized_pruned": 0.3757735849056604}, "0.075": {"base_pruned": 0.21644444444444444, "generalized_pruned": 0.25917948717948724}, "0.1": {"base_pruned": 0.19677876106194692, "generalized_pruned": 0.2265454545454546}, "0.15": {"base_pruned": 0.1605714285714286, "generalized_pruned": 0.16330434782608694}, "0.2": {"base_pruned": 0.12776923076923075, "generalized_pruned": 0.12776923076923075}}