{"0.05": {"base": 0.2621960784313726, "generalized": 0.3757735849056604}, "0.075": {"base": 0.21644444444444444, "generalized": 0.25917948717948724}, "0.1": {"base": 0.19677876106194692, "generalized": 0.2265454545454546}, "0.15": {"base": 0.1605714285714286, "generalized": 0.16330434782608694}, "0.2": {"base": 0.13218957345971571, "generalized": 0.13218957345971571}}