{"0.05": {"base": 4.551374435424805, "generalized": 89.12034034729004}, "0.075": {"base": 1.9983725547790527, "generalized": 26.89691710472107}, "0.1": {"base": 1.0624406337738037, "generalized": 11.068447589874268}, "0.15": {"base": 0.4959752559661865, "generalized": 3.161389112472534}, "0.2": {"base": 0.30521726608276367, "generalized": 1.3436286449432373}}