{"0.05": {"base_pruned": 1.5598351955413818, "generalized_pruned": 5.140658140182495, "base": 4.293297529220581, "generalized": 89.12823677062988}, "0.075": {"base_pruned": 0.7695057392120361, "generalized_pruned": 2.0778613090515137, "base": 1.8718600273132324, "generalized": 27.157361268997192}, "0.1": {"base_pruned": 0.49467015266418457, "generalized_pruned": 1.143752098083496, "base": 1.054316520690918, "generalized": 11.329675674438477}, "0.15": {"base_pruned": 0.2939746379852295, "generalized_pruned": 0.5458745956420898, "base": 0.49074339866638184, "generalized": 3.1921679973602295}, "0.2": {"base_pruned": 0.1722705364227295, "generalized_pruned": 0.2881331443786621, "base": 0.3039212226867676, "generalized": 1.3668828010559082}}