{"0.05": {"base": 4.293256044387817, "generalized": 124.45408296585083}, "0.075": {"base": 1.8782215118408203, "generalized": 37.49217510223389}, "0.1": {"base": 1.0311899185180664, "generalized": 15.313616037368774}, "0.15": {"base": 0.5011487007141113, "generalized": 4.276724338531494}, "0.2": {"base": 0.2571370601654053, "generalized": 1.7262275218963623}}