{"0.05": {"base": 0.41000000000000003, "generalized": 0.41000000000000003}, "0.075": {"base": 0.41000000000000003, "generalized": 0.41000000000000003}, "0.1": {"base": 0.41000000000000003, "generalized": 0.41000000000000003}, "0.15": {"base": 0.41000000000000003, "generalized": 0.41000000000000003}, "0.2": {"base": 0.41000000000000003, "generalized": 0.41000000000000003}}