{"0.05": {"base_pruned": 1.5598351955413818, "generalized_pruned": 5.140658140182495}, "0.075": {"base_pruned": 0.7695057392120361, "generalized_pruned": 2.0778613090515137}, "0.1": {"base_pruned": 0.49467015266418457, "generalized_pruned": 1.143752098083496}, "0.15": {"base_pruned": 0.2939746379852295, "generalized_pruned": 0.5458745956420898}, "0.2": {"base_pruned": 0.1722705364227295, "generalized_pruned": 0.2881331443786621}}