{"0.05": {"base_pruned": 1.4633593559265137, "generalized_pruned": 21.98633861541748, "base": 4.240934610366821, "generalized": 101.1284875869751}, "0.075": {"base_pruned": 0.6943502426147461, "generalized_pruned": 7.65259575843811, "base": 1.8505113124847412, "generalized": 30.273107528686523}, "0.1": {"base_pruned": 0.4604825973510742, "generalized_pruned": 3.5944766998291016, "base": 1.0340220928192139, "generalized": 12.545658588409424}, "0.15": {"base_pruned": 0.2800168991088867, "generalized_pruned": 1.270176887512207, "base": 0.48618459701538086, "generalized": 3.538806915283203}, "0.2": {"base_pruned": 0.16970276832580566, "generalized_pruned": 0.6314601898193359, "base": 0.3011469841003418, "generalized": 1.420348882675171}}