{"0.05": {"base_pruned": 1.4633593559265137, "generalized_pruned": 21.98633861541748}, "0.075": {"base_pruned": 0.6943502426147461, "generalized_pruned": 7.65259575843811}, "0.1": {"base_pruned": 0.4604825973510742, "generalized_pruned": 3.5944766998291016}, "0.15": {"base_pruned": 0.2800168991088867, "generalized_pruned": 1.270176887512207}, "0.2": {"base_pruned": 0.16970276832580566, "generalized_pruned": 0.6314601898193359}}