{"0.01": {"base_pruned": 3.558795213699341, "generalized_pruned": 5661.633141756058}, "0.02": {"base_pruned": 1.9894294738769531, "generalized_pruned": 905.3852760791779}, "0.03": {"base_pruned": 1.3543052673339844, "generalized_pruned": 298.27874088287354}, "0.04": {"base_pruned": 1.0852277278900146, "generalized_pruned": 132.34263467788696}, "0.05": {"base_pruned": 0.9381759166717529, "generalized_pruned": 69.91712975502014}, "0.075": {"base_pruned": 0.8756237030029297, "generalized_pruned": 23.01322031021118}, "0.1": {"base_pruned": 0.75962233543396, "generalized_pruned": 10.593958139419556}, "0.15": {"base_pruned": 0.4649932384490967, "generalized_pruned": 4.023689270019531}, "0.2": {"base_pruned": 0.3689272403717041, "generalized_pruned": 2.1584043502807617}}