{"0.01": {"base_pruned": 3.554103136062622, "generalized_pruned": 5401.295127630234}, "0.02": {"base_pruned": 1.9414939880371094, "generalized_pruned": 821.3578345775604}, "0.03": {"base_pruned": 1.3896710872650146, "generalized_pruned": 259.28323125839233}, "0.04": {"base_pruned": 1.094736099243164, "generalized_pruned": 113.02415299415588}, "0.05": {"base_pruned": 0.934962272644043, "generalized_pruned": 60.31479215621948}, "0.075": {"base_pruned": 0.849524974822998, "generalized_pruned": 19.905618906021118}, "0.1": {"base_pruned": 0.7710475921630859, "generalized_pruned": 9.582329273223877}, "0.15": {"base_pruned": 0.4787890911102295, "generalized_pruned": 3.895125389099121}, "0.2": {"base_pruned": 0.3706679344177246, "generalized_pruned": 2.148031711578369}}