{"0.01": {"base_pruned": 3.628037452697754, "generalized_pruned": 5595.7787482738495}, "0.02": {"base_pruned": 1.9837725162506104, "generalized_pruned": 851.4528486728668}, "0.03": {"base_pruned": 1.363739252090454, "generalized_pruned": 265.3532712459564}, "0.04": {"base_pruned": 1.0753593444824219, "generalized_pruned": 114.12710785865784}, "0.05": {"base_pruned": 0.9146633148193359, "generalized_pruned": 60.0491464138031}, "0.075": {"base_pruned": 0.8474466800689697, "generalized_pruned": 19.554393768310547}, "0.1": {"base_pruned": 0.7468631267547607, "generalized_pruned": 9.244512796401978}, "0.15": {"base_pruned": 0.4596285820007324, "generalized_pruned": 3.6141388416290283}, "0.2": {"base_pruned": 0.3596007823944092, "generalized_pruned": 1.924070119857788}}