{"0.01": {"base_pruned": 3.554103136062622, "generalized_pruned": 5401.295127630234, "base": 28.04632258415222, "generalized": 17122.06089448929}, "0.02": {"base_pruned": 1.9414939880371094, "generalized_pruned": 821.3578345775604, "base": 12.01872706413269, "generalized": 2900.188421726227}, "0.03": {"base_pruned": 1.3896710872650146, "generalized_pruned": 259.28323125839233, "base": 6.906582832336426, "generalized": 952.0039284229279}, "0.04": {"base_pruned": 1.094736099243164, "generalized_pruned": 113.02415299415588, "base": 4.583760023117065, "generalized": 430.1102192401886}, "0.05": {"base_pruned": 0.934962272644043, "generalized_pruned": 60.31479215621948, "base": 3.551884889602661, "generalized": 229.17098093032837}, "0.075": {"base_pruned": 0.849524974822998, "generalized_pruned": 19.905618906021118, "base": 2.4485373497009277, "generalized": 73.80380988121033}, "0.1": {"base_pruned": 0.7710475921630859, "generalized_pruned": 9.582329273223877, "base": 2.1007864475250244, "generalized": 33.77167081832886}, "0.15": {"base_pruned": 0.4787890911102295, "generalized_pruned": 3.895125389099121, "base": 1.250443696975708, "generalized": 11.74472451210022}, "0.2": {"base_pruned": 0.3706679344177246, "generalized_pruned": 2.148031711578369, "base": 0.5890047550201416, "generalized": 5.520246505737305}}