{"0.01": {"base_pruned": 0.4209056705022898, "generalized_pruned": 0.4701086780210868, "base": 0.4209056705022898, "generalized": 0.48350402685829597}, "0.02": {"base_pruned": 0.3620389916099369, "generalized_pruned": 0.40014789370736126, "base": 0.3620389916099369, "generalized": 0.40014789370736126}, "0.03": {"base_pruned": 0.33242652643184467, "generalized_pruned": 0.3568959120636399, "base": 0.33242652643184467, "generalized": 0.3568959120636399}, "0.04": {"base_pruned": 0.2953222508753781, "generalized_pruned": 0.3312425362888033, "base": 0.3083125184937603, "generalized": 0.3355764199565706}, "0.05": {"base_pruned": 0.27414926426685904, "generalized_pruned": 0.3183982707812677, "base": 0.3083125184937603, "generalized": 0.3183982707812677}, "0.075": {"base_pruned": 0.2697557368446162, "generalized_pruned": 0.2950422968647698, "base": 0.2697557368446162, "generalized": 0.2950422968647698}, "0.1": {"base_pruned": 0.2697557368446162, "generalized_pruned": 0.28331985814531035, "base": 0.2697557368446162, "generalized": 0.28331985814531035}, "0.15": {"base_pruned": 0.11739653481837753, "generalized_pruned": 0.2551753446877534, "base": 0.11739653481837753, "generalized": 0.2551753446877534}, "0.2": {"base_pruned": 0.08083374646066432, "generalized_pruned": 0.21455973518631777, "base": 0.08083374646066432, "generalized": 0.21455973518631777}}