{"0.01": {"base_pruned": 2.9364709854125977, "generalized_pruned": 4334.477080583572}, "0.02": {"base_pruned": 1.6459643840789795, "generalized_pruned": 696.1518135070801}, "0.03": {"base_pruned": 1.1408522129058838, "generalized_pruned": 229.7733235359192}, "0.04": {"base_pruned": 0.9383523464202881, "generalized_pruned": 102.7470850944519}, "0.05": {"base_pruned": 0.7853851318359375, "generalized_pruned": 55.48519468307495}, "0.075": {"base_pruned": 0.7702596187591553, "generalized_pruned": 18.71160387992859}, "0.1": {"base_pruned": 0.6626765727996826, "generalized_pruned": 8.850862741470337}, "0.15": {"base_pruned": 0.3936622142791748, "generalized_pruned": 3.4476852416992188}, "0.2": {"base_pruned": 0.3226659297943115, "generalized_pruned": 1.870100975036621}}