{"0.01": {"base_pruned": 0.4209056705022898, "generalized_pruned": 0.46460867802108674, "base": 0.4209056705022898, "generalized": 0.4781086780210868}, "0.02": {"base_pruned": 0.3620389916099369, "generalized_pruned": 0.3964483006625962, "base": 0.3620389916099369, "generalized": 0.3964483006625962}, "0.03": {"base_pruned": 0.33242652643184467, "generalized_pruned": 0.3593279293579852, "base": 0.33242652643184467, "generalized": 0.3593279293579852}, "0.04": {"base_pruned": 0.2953222508753781, "generalized_pruned": 0.3318116483181165, "base": 0.3083125184937603, "generalized": 0.336371626228258}, "0.05": {"base_pruned": 0.27414926426685904, "generalized_pruned": 0.3135919316096035, "base": 0.3083125184937603, "generalized": 0.3265459770564565}, "0.075": {"base_pruned": 0.2697557368446162, "generalized_pruned": 0.29519723093685346, "base": 0.2697557368446162, "generalized": 0.29519723093685346}, "0.1": {"base_pruned": 0.2697557368446162, "generalized_pruned": 0.28752534468775337, "base": 0.2697557368446162, "generalized": 0.28752534468775337}, "0.15": {"base_pruned": 0.11643200608849069, "generalized_pruned": 0.25601163160758467, "base": 0.11643200608849069, "generalized": 0.25601163160758467}, "0.2": {"base_pruned": 0.08083374646066432, "generalized_pruned": 0.2150641436081313, "base": 0.08083374646066432, "generalized": 0.2150641436081313}}