{"0.01": {"base_pruned": 2.9364709854125977, "generalized_pruned": 4334.477080583572, "base": 20.913465976715088, "generalized": 17665.30258655548}, "0.02": {"base_pruned": 1.6459643840789795, "generalized_pruned": 696.1518135070801, "base": 9.078185558319092, "generalized": 2896.517160654068}, "0.03": {"base_pruned": 1.1408522129058838, "generalized_pruned": 229.7733235359192, "base": 5.199124813079834, "generalized": 970.8174214363098}, "0.04": {"base_pruned": 0.9383523464202881, "generalized_pruned": 102.7470850944519, "base": 3.4409236907958984, "generalized": 433.7178461551666}, "0.05": {"base_pruned": 0.7853851318359375, "generalized_pruned": 55.48519468307495, "base": 2.679530382156372, "generalized": 231.98394203186035}, "0.075": {"base_pruned": 0.7702596187591553, "generalized_pruned": 18.71160387992859, "base": 2.019704818725586, "generalized": 72.7380542755127}, "0.1": {"base_pruned": 0.6626765727996826, "generalized_pruned": 8.850862741470337, "base": 1.5600130558013916, "generalized": 32.42505669593811}, "0.15": {"base_pruned": 0.3936622142791748, "generalized_pruned": 3.4476852416992188, "base": 0.9388248920440674, "generalized": 10.838098049163818}, "0.2": {"base_pruned": 0.3226659297943115, "generalized_pruned": 1.870100975036621, "base": 0.5137929916381836, "generalized": 4.843109846115112}}