{"0.01": {"base_pruned": 0.09736368394113148, "generalized_pruned": 0.16650580942128512}, "0.02": {"base_pruned": 0.0755967185121943, "generalized_pruned": 0.11289275580823155}, "0.03": {"base_pruned": 0.043898153918892846, "generalized_pruned": 0.09312136254286241}, "0.04": {"base_pruned": 0.02506029841055679, "generalized_pruned": 0.07516381807929384}, "0.05": {"base_pruned": 0.02506029841055679, "generalized_pruned": 0.06373901100231283}, "0.075": {"base_pruned": 0.02506029841055679, "generalized_pruned": 0.044989135140791836}, "0.1": {"base_pruned": 0.02506029841055679, "generalized_pruned": 0.03794206547292589}, "0.15": {"base_pruned": 0.010633573549049258, "generalized_pruned": 0.02775626824913291}, "0.2": {"base_pruned": 0.0009643315705499811, "generalized_pruned": 0.021384875309525375}}