{"0.01": {"base_pruned": 0.09736368394113148, "generalized_pruned": 0.16650580942128512}, "0.02": {"base_pruned": 0.0755967185121943, "generalized_pruned": 0.10589974881522457}, "0.03": {"base_pruned": 0.04275214373213565, "generalized_pruned": 0.09312136254286241}, "0.04": {"base_pruned": 0.02880527466192684, "generalized_pruned": 0.057764550680026394}, "0.05": {"base_pruned": 0.02506029841055679, "generalized_pruned": 0.057764550680026394}, "0.075": {"base_pruned": 0.02506029841055679, "generalized_pruned": 0.04010324473156679}, "0.1": {"base_pruned": 0.02506029841055679, "generalized_pruned": 0.03346811540798145}, "0.15": {"base_pruned": 0.010633573549049258, "generalized_pruned": 0.021026793148190892}, "0.2": {"base_pruned": 0.0009643315705499811, "generalized_pruned": 0.01727608197926722}}