{"0.01": {"base_pruned": 0.5270469188690186, "generalized_pruned": 27.86090397834778}, "0.02": {"base_pruned": 0.4688994884490967, "generalized_pruned": 8.428215026855469}, "0.03": {"base_pruned": 0.38672661781311035, "generalized_pruned": 4.520575761795044}, "0.04": {"base_pruned": 0.40328049659729004, "generalized_pruned": 2.9280333518981934}, "0.05": {"base_pruned": 0.36371302604675293, "generalized_pruned": 2.1325371265411377}, "0.075": {"base_pruned": 0.33588337898254395, "generalized_pruned": 1.4110898971557617}, "0.1": {"base_pruned": 0.4067864418029785, "generalized_pruned": 1.1370210647583008}, "0.15": {"base_pruned": 0.32611513137817383, "generalized_pruned": 0.7324988842010498}, "0.2": {"base_pruned": 0.23734617233276367, "generalized_pruned": 0.6479048728942871}}