{"0.01": {"base_pruned": 0.6615097522735596, "generalized_pruned": 14.032807350158691}, "0.02": {"base_pruned": 0.5449848175048828, "generalized_pruned": 5.5004072189331055}, "0.03": {"base_pruned": 0.43485426902770996, "generalized_pruned": 3.31441593170166}, "0.04": {"base_pruned": 0.4580671787261963, "generalized_pruned": 2.3183040618896484}, "0.05": {"base_pruned": 0.40698981285095215, "generalized_pruned": 1.8190572261810303}, "0.075": {"base_pruned": 0.4599006175994873, "generalized_pruned": 1.2857019901275635}, "0.1": {"base_pruned": 0.40812015533447266, "generalized_pruned": 1.0860395431518555}, "0.15": {"base_pruned": 0.3333578109741211, "generalized_pruned": 0.8454489707946777}, "0.2": {"base_pruned": 0.28031349182128906, "generalized_pruned": 0.6177842617034912}}