{"0.01": {"base_pruned": 0.7253553867340088, "generalized_pruned": 14.524847745895386, "base": 1.8235745429992676, "generalized": 1676.056657075882}, "0.02": {"base_pruned": 0.585745096206665, "generalized_pruned": 5.82521653175354, "base": 1.2370002269744873, "generalized": 287.22692680358887}, "0.03": {"base_pruned": 0.45427370071411133, "generalized_pruned": 3.6479976177215576, "base": 0.784172534942627, "generalized": 107.41785955429077}, "0.04": {"base_pruned": 0.4839911460876465, "generalized_pruned": 2.536005973815918, "base": 0.6908814907073975, "generalized": 54.556681632995605}, "0.05": {"base_pruned": 0.4431135654449463, "generalized_pruned": 1.988192081451416, "base": 0.6725664138793945, "generalized": 32.5470757484436}, "0.075": {"base_pruned": 0.43698620796203613, "generalized_pruned": 1.3596911430358887, "base": 0.6587178707122803, "generalized": 13.060168504714966}, "0.1": {"base_pruned": 0.5012378692626953, "generalized_pruned": 1.2059721946716309, "base": 0.6670200824737549, "generalized": 7.163789987564087}, "0.15": {"base_pruned": 0.35228490829467773, "generalized_pruned": 0.8406963348388672, "base": 0.41139960289001465, "generalized": 3.201838970184326}, "0.2": {"base_pruned": 0.2874448299407959, "generalized_pruned": 0.7162811756134033, "base": 0.27596497535705566, "generalized": 1.8030073642730713}}