{"0.01": {"base_pruned": 0.7253553867340088, "generalized_pruned": 14.524847745895386}, "0.02": {"base_pruned": 0.585745096206665, "generalized_pruned": 5.82521653175354}, "0.03": {"base_pruned": 0.45427370071411133, "generalized_pruned": 3.6479976177215576}, "0.04": {"base_pruned": 0.4839911460876465, "generalized_pruned": 2.536005973815918}, "0.05": {"base_pruned": 0.4431135654449463, "generalized_pruned": 1.988192081451416}, "0.075": {"base_pruned": 0.43698620796203613, "generalized_pruned": 1.3596911430358887}, "0.1": {"base_pruned": 0.5012378692626953, "generalized_pruned": 1.2059721946716309}, "0.15": {"base_pruned": 0.35228490829467773, "generalized_pruned": 0.8406963348388672}, "0.2": {"base_pruned": 0.2874448299407959, "generalized_pruned": 0.7162811756134033}}