{"0.01": {"base_pruned": 0.6359081268310547, "generalized_pruned": 34.90031456947327}, "0.02": {"base_pruned": 0.5259518623352051, "generalized_pruned": 10.38792872428894}, "0.03": {"base_pruned": 0.43646240234375, "generalized_pruned": 5.349766731262207}, "0.04": {"base_pruned": 0.4564182758331299, "generalized_pruned": 3.472214937210083}, "0.05": {"base_pruned": 0.399153470993042, "generalized_pruned": 2.5016283988952637}, "0.075": {"base_pruned": 0.399486780166626, "generalized_pruned": 1.5988357067108154}, "0.1": {"base_pruned": 0.4528040885925293, "generalized_pruned": 1.2917966842651367}, "0.15": {"base_pruned": 0.344402551651001, "generalized_pruned": 0.8489739894866943}, "0.2": {"base_pruned": 0.2767505645751953, "generalized_pruned": 0.723832368850708}}