{"0.01": {"base": 1.9638776779174805, "generalized": 1774.4820840358734}, "0.02": {"base": 1.306882381439209, "generalized": 291.8703467845917}, "0.03": {"base": 0.8117470741271973, "generalized": 106.33068895339966}, "0.04": {"base": 0.7096946239471436, "generalized": 52.66082143783569}, "0.05": {"base": 0.6938083171844482, "generalized": 30.450823545455933}, "0.075": {"base": 0.6991655826568604, "generalized": 11.96151089668274}, "0.1": {"base": 0.6980280876159668, "generalized": 6.540529489517212}, "0.15": {"base": 0.48841142654418945, "generalized": 2.8764278888702393}, "0.2": {"base": 0.3006293773651123, "generalized": 1.6138916015625}}